{"cameraMode":{"drawMode":0,"name":"Shaded","section":"Shading Mode"},"sceneLighting":true,"audioPlay":false,"sceneViewState":{"m_AlwaysRefresh":false,"showFog":true,"showSkybox":true,"showFlares":true,"showImageEffects":true,"showParticleSystems":true,"showVisualEffectGraphs":true,"m_FxEnabled":true},"in2DMode":false,"pivot":{"x":2.226142406463623,"y":1.4889416694641114,"z":-0.920198917388916},"rotation":{"x":0.008294196799397469,"y":0.9912108778953552,"z":-0.07628446817398071,"w":0.1077708899974823},"size":3.7895073890686037,"orthographic":false}